Human Readable Name,EGIS Service Name,Concept ID,Collection Short Name,Provider ID,Version,CMR Record Flag,EGIS Server Name,Validated,Comments
'OPERA Radiometric Terrain Corrected SAR Backscatter from Sentinel-1 (RTC-S1) in VH Polarization',OPERA_L2_RTC-S1_V1_VH,C2777436413-ASF,OPERA_L2_RTC-S1_V1,ASF,1,Y,image,Y,
'OPERA Radiometric Terrain Corrected SAR Backscatter from Sentinel-1 (RTC-S1) in VV Polarization',OPERA_L2_RTC-S1_V1_VV,C2777436413-ASF,OPERA_L2_RTC-S1_V1,ASF,1,Y,image,Y,
,WILDAREAS-V2-HUMAN-FOOTPRINT,CIESIN_SEDAC_LWP2_HF_GEOG,,SEDAC,,N,image,,
"Human Footprint v3, 2009",WILDAREAS_V3_2009_HUMAN_FOOTPRINT,C1607147999-SEDAC,CIESIN_SEDAC_LWP3_HF_2009,SEDAC,3,Y,image,Y,
"Human Footprint v3, 1993",WILDAREAS_V3_1993_HUMAN_FOOTPRINT,C1607144563-SEDAC,CIESIN_SEDAC_LWP3_HF_1993,SEDAC,3,Y,image,Y,
"Global Human Footprint (Geographic), v2 (1995 - 2004)",WILDAREAS_V2_HUMAN_FOOTPRINT,C179001853-SEDAC,CIESIN_SEDAC_LWP2_HF_GEOG,SEDAC,2,Y,image,Y,
,WESTERNUS_REDO_TEST,,,UAT,,N,maphost,,
,VITAL_SIGNS,,,EIC,,N,maphost,,
,VERSIONMANAGEMENTTOOLS,,,ArcGIS,,N,gp,,
,VERSIONMANAGEMENTTOOLS,,,ArcGIS,,N,image,,
,VERSIONMANAGEMENTTOOLS,,,ArcGIS,,N,maphost,,
,VERSIONMANAGEMENTTOOLS,,,ArcGIS,,N,maps,,
,VEDA_PUBLIC_ESI_FIRE_LF_ARCHIVE,,,EIS,,N,maphost,,
,VEDA_PUBLIC_EIS_FIRE_LF_NRT,,,EIS,,N,maphost,,
,VALIDATIONTOOLS,,,EGIS,,N,gp,,
,VALIDATIONTOOLS,,,ArcGIS,,N,gp,,
,VALIDATIONTOOLS,,,ArcGIS,,N,image,,
,VALIDATIONTOOLS,,,ArcGIS,,N,maphost,,
,VALIDATIONTOOLS,,,ArcGIS,,N,maps,,
,UTILITYNETWORKTOOLS,,,ArcGIS,,N,gp,,
,UTILITYNETWORKTOOLS,,,ArcGIS,,N,image,,
,UTILITYNETWORKTOOLS,,,ArcGIS,,N,maphost,,
,UTILITYNETWORKTOOLS,,,ArcGIS,,N,maps,,
,USER_DETAILS_SAMPLE_TEST,,,EGIS,,N,maphost,,
,UPDATEMOSAICDATASET,,,EGIS,,N,gp,,
"Global Human Built-up And Settlement Extent (HBASE) Dataset From Landsat, v1 (2010)",ULANDSAT_HBASE_V1,C1517101319-SEDAC,CIESIN_SEDAC_ULANDSAT_HBASE_V1,SEDAC,1,Y,image,Y,
"Global Man-made Impervious Surface (GMIS) Dataset From Landsat, v1 (2010)",ULANDSAT_GMIS_V1,C1517102461-SEDAC,CIESIN_SEDAC_ULANDSAT_GMIS_V1,SEDAC,1,Y,image,Y,
,TOPOGRAPHICPRODUCTIONSYSTEMTOOLS,,,ArcGIS,,N,gp,,
,TOPOGRAPHICPRODUCTIONSYSTEMTOOLS,,,ArcGIS,,N,image,,
,TOPOGRAPHICPRODUCTIONSYSTEMTOOLS,,,ArcGIS,,N,maphost,,
,TOPOGRAPHICPRODUCTIONSYSTEMTOOLS,,,ArcGIS,,N,maps,,
,TEST3,,,UAT,,N,image,,
,TEST2,,,UAT,,N,image,,
TEMPO_l3_tropo_RFT_test,TEMPO_L3_TROPO_RFT_TEST,C2842850219-LARC_CLOUD,TEMPO_NO2_L3_V02,LARC_CLOUD,2,Y,UAT,Y,
TEMPO_L3_O3Tot_Col,TEMPO_L3_O3TOT_COL,C2842852554-LARC_CLOUD,TEMPO_O3Tot_L3_V02,LARC_CLOUD,2,Y,UAT,Y,
TEMPO_L3_NO2_Strat_TestMinMax,TEMPO_L3_NO2_STRAT_TESTMINMAX,C2842850219-LARC_CLOUD,TEMPO_NO2_L3_V02,LARC_CLOUD,2,Y,UAT,Y,
TEMPO_L3_NO2_Strat,TEMPO_L3_NO2_STRAT,C2842850219-LARC_CLOUD,TEMPO_NO2_L3_V02,LARC_CLOUD,2,Y,UAT,Y,
TEMPO L3 Gridded Ozone Total UV Aerosol Index,TEMPO_L3_GRIDDED_OZONE_TOTAL_UV_AEROSOL_INDEX,C2842852554-LARC_CLOUD,TEMPO_O3Tot_L3_V02,LARC_CLOUD,2,Y,,,
TEMPO L3 Gridded Ozone Total Total Column Amount Ozone,TEMPO_L3_GRIDDED_OZONE_TOTAL_TOTAL_COLUMN_AMOUNT_OZONE,C2842852554-LARC_CLOUD,TEMPO_O3Tot_L3_V02,LARC_CLOUD,2,Y,,,
TEMPO L3 Gridded Ozone Total fc,TEMPO_L3_GRIDDED_OZONE_TOTAL_FC,C2842852554-LARC_CLOUD,TEMPO_O3Tot_L3_V02,LARC_CLOUD,2,Y,,,
TEMPO L3 Gridded NO2 Vertical Column Troposphere,TEMPO_L3_GRIDDED_NO2_VERTICAL_COLUMN_TROPOSPHERE,C2842850219-LARC_CLOUD,TEMPO_NO2_L3_V02,LARC_CLOUD,2,Y,,,
TEMPO L3 Gridded NO2 Vertical Column Total,TEMPO_L3_GRIDDED_NO2_VERTICAL_COLUMN_TOTAL,C2842850219-LARC_CLOUD,TEMPO_NO2_L3_V02,LARC_CLOUD,2,Y,,,
TEMPO L3 Gridded NO2 Vertical Column Stratosphere,TEMPO_L3_GRIDDED_NO2_VERTICAL_COLUMN_STRATOSPHERE,C2842850219-LARC_CLOUD,TEMPO_NO2_L3_V02,LARC_CLOUD,2,Y,,,
TEMPO L3 Gridded Formaldehyde Vertical Column,TEMPO_L3_GRIDDED_FORMALDEHYDE_VERTICAL_COLUMN,C2842849916-LARC_CLOUD,TEMPO_HCHO_L3_V02,LARC_CLOUD,2,Y,,,
TEMPO_L3_03Tot_Sample,TEMPO_L3_03TOT_SAMPLE,C2842852554-LARC_CLOUD,TEMPO_O3Tot_L3_V02,LARC_CLOUD,2,Y,image,Y,
,TASMAX_DECADAL_MONTHLY_ENS_AVG_SSP245_CRF,,,EIC,,N,image,,
,TASMAX_DECADAL_MONTHLY_ENS_AVG_SSP245,,,EIC,,N,image,,
,SYNCTOOLS,,,ArcGIS,,N,gp,,
,SYNCTOOLS,,,ArcGIS,,N,image,,
,SYNCTOOLS,,,ArcGIS,,N,maphost,,
,SYNCTOOLS,,,ArcGIS,,N,maps,,
SWOT_SWORD_NA_Aug2023,SWOT_SWORD_NA_AUG2023,C2799438299-POCLOUD,SWOT_L2_HR_RiverSP_1.0,POCLOUD,1,Y,maphost,N,
,SWORD_NA_GEOM,,,POCLOUD,,N,maphost,,
,SPATIALANALYSISTOOLS,,,POCLOUD,,N,maphost,,
"SDG Indicator 9.1.1: Rural Access Index (RAI), 2023 Release Subnational - Feature Service",SDGI_9_1_1_RAI_2023_SUBNATIONAL,C2762297641-SEDAC,CIESIN_SEDAC_SDGI_RAI_2023,SEDAC,2023,Y,maps,Y,
"SDG Indicator 9.1.1: Rural Access Index (RAI), 2023 Release National - Feature Service",SDGI_9_1_1_RAI_2023_NATIONAL,C2762297641-SEDAC,CIESIN_SEDAC_SDGI_RAI_2023,SEDAC,2023,Y,maps,Y,
"SDG Indicator 7.1.1: Access to Electricity, 2023 Release Subnational - Feature Service",SDGI_7_1_1_ACCESS_ELECTRICITY_2023_SUBNATIONAL,C2762284545-SEDAC,CIESIN_SEDAC_SDGI_ACCELEC_2023,SEDAC,2023,Y,maps,Y,
"SDG Indicator 7.1.1: Access to Electricity, 2023 Release National - Feature Service",SDGI_7_1_1_ACCESS_ELECTRICITY_2023_NATIONAL,C2762284545-SEDAC,CIESIN_SEDAC_SDGI_ACCELEC_2023,SEDAC,2023,Y,maps,Y,
"SDG Indicator 11.7.1: Urban Public Space, Availability and Access, 2023 Release - Feature Service",SDGI_11_7_1_URBAN_PUBLIC_SPACE_AVAILABILITY_ACCESS_2023,C2762320166-SEDAC,CIESIN_SEDAC_SDGI_UPSAE_2023,SEDAC,2023,Y,maps,Y,
"SDG Indicator 11.2.1: Urban Access to Public Transport, 2023 Release - Feature Service",SDGI_11_2_1_URBAN_ACCESS_PUBLIC_TRANSPORT_2023,C2762314304-SEDAC,CIESIN_SEDAC_SDGI_UAPT_2023,SEDAC,2023,Y,maps,Y,
"Global Annual PM2.5 Grids from MODIS, MISR, and SeaWiFS Aerosol Optical Depth (AOD), 1998-2019, V4.GL.03",SDEI-GLOBAL-ANNUAL-GWR-PM2-5-MODIS-MISR-SEAWIFS-AOD-V4-GL-03,C2208962437-SEDAC,CIESIN_SEDAC_SDEI_GWRPM25_MMSAOD_4GL03_4.03,SEDAC,4.03,Y,image,Y,
,script,,,EGIS,,,,,
,SCENECACHINGTOOLS,,,ArcGIS,,N,gp,,
,SCENECACHINGTOOLS,,,ArcGIS,,N,image,,
,SCENECACHINGTOOLS,,,ArcGIS,,N,maphost,,
,SCENECACHINGTOOLS,,,ArcGIS,,N,maps,,
,SCENECACHINGCONTROLLERS,,,ArcGIS,,N,gp,,
,SCENECACHINGCONTROLLERS,,,ArcGIS,,N,image,,
,SCENECACHINGCONTROLLERS,,,ArcGIS,,N,maphost,,
,SCENECACHINGCONTROLLERS,,,ArcGIS,,N,maps,,
,SAMPLEWORLDCITIES,,,ArcGIS,,N,gp,,
,SAMPLEWORLDCITIES,,,ArcGIS,,N,maphost,,
,SAMPLEWORLDCITIES,,,ArcGIS,,N,maps,,
,SAMPLE_SERVICE,,,EGIS,,N,image,,
,SAMPLE_SAT_SERVICE,,,EGIS,,N,image,,
,REPORTINGTOOLS,,,ArcGIS,,N,gp,,
,REPORTINGTOOLS,,,ArcGIS,,N,image,,
,REPORTINGTOOLS,,,ArcGIS,,N,maphost,,
,REPORTINGTOOLS,,,ArcGIS,,N,maps,,
,RECREATION_SITES_TEST,,,EIC,,N,maphost,,
,READRASTERFUNCTIONTEMPLATES,,,EGIS,,N,gp,,
,readproxy,,,EGIS,,,,,
,READMOSAICDATASETTOOL,,,EGIS,,N,gp,,
,READMOSAICDATASETRASTERS,,,EGIS,,N,gp,,
,READMOSAICDATASET,,,EGIS,,N,gp,,
,readallproxies,,,EGIS,,,,,
,RASTERUTILITIES,,,ArcGIS,,N,gp,,
,RASTERUTILITIES,,,ArcGIS,,N,image,,
,RASTERUTILITIES,,,ArcGIS,,N,maphost,,
,RASTERUTILITIES,,,ArcGIS,,N,maps,,
,PUBLISHINGTOOLS,,,ArcGIS,,N,gp,,
,PUBLISHINGTOOLS,,,ArcGIS,,N,image,,
,PUBLISHINGTOOLS,,,ArcGIS,,N,maphost,,
,PUBLISHINGTOOLS,,,ArcGIS,,N,maps,,
,PRINTINGTOOLS,,,ArcGIS,,N,gp,,
,PRINTINGTOOLS,,,ArcGIS,,N,image,,
,PRINTINGTOOLS,,,ArcGIS,,N,maphost,,
,PRINTINGTOOLS,,,ArcGIS,,N,maps,,
,PRECIPITATIONCAL,,,UAT,,N,image,,
,PR,,,UAT,,N,image,,
POWER Grid CERES SYN1deg,POWER_GRID_FOR_SYN1DEG,,,POWER,,N,maphost,,
POWER Grid for GEWEX SRB,POWER_GRID_FOR_SRB,,,POWER,,N,maphost,,
POWER Grid for GMOA MERRA-2,POWER_GRID_FOR_MERRA2,,,POWER,,N,maphost,,
POWER Grid for GMOA GEOS-IT,POWER_GRID_FOR_GEOSIT,,,POWER,,N,maphost,,
POWER Grid for CERES FLASHFlux,POWER_GRID_FOR_FLASHFLUX,,,POWER,,N,maphost,,
,POWER_ALLSKY_KT_SAMPLE_1,,,UAT,,N,maphost,,
,POWER_ALLSKY_KT_SAMPLE,,,UAT,,N,maphost,,
,POWER_901_ROLLING_ZONES_UTC_2,,,POWER,,N,image,,
POWER_901_ROLLING_ZONES_UTC,POWER_901_ROLLING_ZONES_UTC,POWER_V09,POWER_V09,POWER,V09,N,image,Y,
POWER Monthly Wind Speed,POWER_901_MONTHLY_WIND_UTC,POWER_V09,POWER_V09,POWER,V09,N,image,Y,
"POWER Monthly U, V Wind Components",POWER_901_MONTHLY_UV_UTC,POWER_V09,POWER_V09,POWER,V09,N,image,Y,
POWER Monthly Radiation,POWER_901_MONTHLY_RADIATION_UTC,POWER_V09,POWER_V09,POWER,V09,N,image,Y,
POWER Monthly Meteorology,POWER_901_MONTHLY_METEOROLOGY_UTC,POWER_V09,POWER_V09,POWER,V09,N,image,Y,
POWER Climatology Tilted Surfaces Irradiance,POWER_901_CLIMATOLOGY_TILTED_UTC,POWER_V09,POWER_V09,POWER,V09,N,image,Y,
POWER Climatology Radiation,POWER_901_CLIMATOLOGY_RADIATION_UTC,POWER_V09,POWER_V09,POWER,V09,N,image,Y,
POWER Climatology Meteorology,POWER_901_CLIMATOLOGY_METEOROLOGY_UTC,POWER_V09,POWER_V09,POWER,V09,N,image,Y,
POWER Climatology Horizon,POWER_901_CLIMATOLOGY_HORIZON_UTC,POWER_V09,POWER_V09,POWER,V09,N,image,Y,
POWER Climatology Battery,POWER_901_CLIMATOLOGY_BATTERY_UTC,POWER_V09,POWER_V09,POWER,V09,N,image,Y,
POWER Climatology Azimuth,POWER_901_CLIMATOLOGY_AZIMUTH_UTC,POWER_V09,POWER_V09,POWER,V09,N,image,Y,
,POWER_901_ANNUAL_WIND_UTC,,,POWER,,N,image,,
"POWER Annual U, V Wind Components",POWER_901_ANNUAL_UV_UTC,POWER_V09,POWER_V09,POWER,V09,N,image,Y,
POWER Annual Radiation,POWER_901_ANNUAL_RADIATION_UTC,POWER_V09,POWER_V09,POWER,V09,N,image,Y,
POWER Annual Meteorology,POWER_901_ANNUAL_METEOROLOGY_UTC,POWER_V09,POWER_V09,POWER,V09,N,image,Y,
,POWER%2520901%2520ANNUAL%2520METEOROLOGY%2520UTC,,,POWER,,N,image,,
,PM25_COUNTIES_WITHDATA__TEST,,,UAT,,N,maphost,,
,PM25_COUNTIES_WITHDATA,,,UAT,,N,maphost,,
,PARCELFABRICTOOLS,,,ArcGIS,,N,gp,,
,PARCELFABRICTOOLS,,,ArcGIS,,N,image,,
,PARCELFABRICTOOLS,,,ArcGIS,,N,maphost,,
,PARCELFABRICTOOLS,,,ArcGIS,,N,maps,,
,OPERA_RTC_VV_231120_1833,,,ASF,,N,image,,
OPERA_RTC_VV,OPERA_RTC_VV,C2777436413-ASF,OPERA_L2_RTC-S1_V1,ASF,1,Y,UAT,Y,
OPERA_RTC_VH_Dctest_75,OPERA_RTC_VH_DCTEST_75,C2777436413-ASF,OPERA_L2_RTC-S1_V1,ASF,1,Y,UAT,Y,
OPERA_RTC_VH_Dctest,OPERA_RTC_VH_DCTEST,C2777436413-ASF,OPERA_L2_RTC-S1_V1,ASF,1,Y,UAT,Y,
OPERA_L2_RTC-S1_V1_VV,OPERA_L2_RTC-S1_V1_VV,C2777436413-ASF,OPERA_L2_RTC-S1_V1,ASF,1,Y,,N,
OPERA_L2_RTC-S1_V1_VH,OPERA_L2_RTC-S1_V1_VH,C2777436413-ASF,OPERA_L2_RTC-S1_V1,ASF,1,Y,,N,
OPERA_L2_RTC-S1_V1_HV,OPERA_L2_RTC-S1_V1_HV,C2777436413-ASF,OPERA_L2_RTC-S1_V1,ASF,1,Y,,N,
OPERA_L2_RTC-S1_V1_HH,OPERA_L2_RTC-S1_V1_HH,C2777436413-ASF,OPERA_L2_RTC-S1_V1,ASF,1,Y,,N,
OPERA_L2_RTC_S1_V1_VV,OPERA_L2_RTC_S1_V1_VV,C2777436413-ASF,OPERA_L2_RTC-S1_V1,ASF,1,Y,,,hyphen issues here. Copied other info from  OPERA_L2_RTC-S1_V1_VV
OPERA Radiometric Terrain Corrected Backscatter from Sentinel 1 (RTC-S1) VV for Northern California,OPERA_L2_RTC_S1_CA_VV,C2777436413-ASF,OPERA_L2_RTC-S1_V1,ASF,1,Y,image,Y,
OPERA Radiometric Terrain Corrected Backscatter from Sentinel 1 (RTC-S1) VH for Northern California,OPERA_L2_RTC_S1_CA_VH,C2777436413-ASF,OPERA_L2_RTC-S1_V1,ASF,1,Y,image,Y,
,OFFLINEPACKAGING,,,ArcGIS,,N,gp,,
,OFFLINEPACKAGING,,,ArcGIS,,N,image,,
,OFFLINEPACKAGING,,,ArcGIS,,N,maphost,,
,OFFLINEPACKAGING,,,ArcGIS,,N,maps,,
,O3_COUNTIES_WITHDATA_10000000,,,UAT,,N,maphost,,
,NO2,,,UAT,,N,image,,
,NATIONAL_USFS_FIRE_OCCURRENCE_POINT_TEST,,,EIS,,N,maphost,,
,MME50_FWI_METRICS_YEARLY,,,UAT,,N,image,,
,MAYWORK,,,EGIS,,N,image,,
MERRA-2 Hourly Meteorological Diagnostics Temperature Demo (Alcott),M2T1NXSLV_T2M_ALCOTT,C1276812863-GES_DISC,M2T1NXSLV_T2M_ALCOTT,GES_DISC,5.12.4,Y,UAT,Y,"note: only UAT, not public, created for workshop demo"
MERRA-2 Hourly Meteorological Diagnostics Temperature,M2T1NXSLV_T2M,C1276812863-GES_DISC,M2T1NXSLV_T2M,GES_DISC,5.12.4,Y,UAT,Y,
M2T1NXAER_test_proxy,M2T1NXAER_TEST_PROXY,C1276812830-GES_DISC,M2T1NXAER,GES_DISC,5.12.4,Y,UAT,Y,
M2T1NXAER_test,M2T1NXAER_TEST,C1276812830-GES_DISC,M2T1NXAER,GES_DISC,5.12.4,Y,UAT,Y,
,LOCATIONREFERENCINGSYSTEMTOOLS,,,ArcGIS,,N,gp,,
,LOCATIONREFERENCINGSYSTEMTOOLS,,,ArcGIS,,N,image,,
,LOCATIONREFERENCINGSYSTEMTOOLS,,,ArcGIS,,N,maphost,,
,LOCATIONREFERENCINGSYSTEMTOOLS,,,ArcGIS,,N,maps,,
,loadfeatureclasstords,,,EGIS,,,,,
,LOADFCTOUAT,,,EGIS,,N,gp,,
Low Elevation Coastal Zones derived from MERIT-DEM,LECZ_URBAN_RURAL_POPULATION_LAND_AREA_ESTIMATES_V3,C2187533258-SEDAC,CIESIN_SEDAC_LECZ_URPLAEV3,SEDAC,3,Y,image,Y,
L3_No2_tropo_3day_sample,L3_NO2_TROPO_3DAY_SAMPLE,C2842850219-LARC_CLOUD,TEMPO_NO2_L3_V02,LARC_CLOUD,2,Y,UAT,Y,
L3_NO2_2day_sample,L3_NO2_2DAY_SAMPLE,C2842850219-LARC_CLOUD,TEMPO_NO2_L3_V02,LARC_CLOUD,2,Y,UAT,Y,
,ITEM_DETAILS_TEST,,,EGIS,,N,maphost,,
,IMAGE_OF_THE_DAY,,,EIC,,N,maphost,,
,HELLOWORLD,,,EGIS,,N,gp,,
GSSICB Median 6 day VV Coherence Sep/Oct/Nov,GSSICB_MEDIAN_6_DAY_VV_COHERENCE_SEP_OCT_NOV,GSSICB-ASF,GSSICB_COH06,ASF,1,N,image,Y,
GSSICB Median 6 day VV Coherence Mar/Apr/May,GSSICB_MEDIAN_6_DAY_VV_COHERENCE_MAR_APR_MAY,GSSICB-ASF,GSSICB_COH06,ASF,1,N,image,Y,
GSSICB Median 6 day VV Coherence Jun/Jul/Aug,GSSICB_MEDIAN_6_DAY_VV_COHERENCE_JUN_JUL_AUG,GSSICB-ASF,GSSICB_COH06,ASF,1,N,image,Y,
GSSICB Median 6 day VV Coherence Dec/Jan/Feb,GSSICB_MEDIAN_6_DAY_VV_COHERENCE_DEC_JAN_FEB,GSSICB-ASF,GSSICB_COH06,ASF,1,N,image,Y,
GSSICB Median 6 day HH Coherence Sep/Oct/Nov,GSSICB_MEDIAN_6_DAY_HH_COHERENCE_SEP_OCT_NOV,GSSICB-ASF,GSSICB_COH06,ASF,1,N,image,Y,
GSSICB Median 6 day HH Coherence Mar/Apr/May,GSSICB_MEDIAN_6_DAY_HH_COHERENCE_MAR_APR_MAY,GSSICB-ASF,GSSICB_COH06,ASF,1,N,image,Y,
GSSICB Median 6 day HH Coherence Jun/Jul/Aug,GSSICB_MEDIAN_6_DAY_HH_COHERENCE_JUN_JUL_AUG,GSSICB-ASF,GSSICB_COH06,ASF,1,N,image,Y,
GSSICB Median 6 day HH Coherence Dec/Jan/Feb,GSSICB_MEDIAN_6_DAY_HH_COHERENCE_DEC_JAN_FEB,GSSICB-ASF,GSSICB_COH06,ASF,1,N,image,Y,
GSSICB Median 48 day VV Coherence Sep/Oct/Nov,GSSICB_MEDIAN_48_DAY_VV_COHERENCE_SEP_OCT_NOV,GSSICB-ASF,GSSICB_COH48,ASF,1,N,,N,
GSSICB Median 48 day VV Coherence Mar/Apr/May,GSSICB_MEDIAN_48_DAY_VV_COHERENCE_MAR_APR_MAY,GSSICB-ASF,GSSICB_COH48,ASF,1,N,,N,
GSSICB Median 48 day VV Coherence Jun/Jul/Aug,GSSICB_MEDIAN_48_DAY_VV_COHERENCE_JUN_JUL_AUG,GSSICB-ASF,GSSICB_COH48,ASF,1,N,,N,
GSSICB Median 48 day VV Coherence Dec/Jan/Feb,GSSICB_MEDIAN_48_DAY_VV_COHERENCE_DEC_JAN_FEB,GSSICB-ASF,GSSICB_COH48,ASF,1,N,,N,
GSSICB Median 48 day HH Coherence Sep/Oct/Nov,GSSICB_MEDIAN_48_DAY_HH_COHERENCE_SEP_OCT_NOV,GSSICB-ASF,GSSICB_COH48,ASF,1,N,,N,
GSSICB Median 48 day HH Coherence Mar/Apr/May,GSSICB_MEDIAN_48_DAY_HH_COHERENCE_MAR_APR_MAY,GSSICB-ASF,GSSICB_COH48,ASF,1,N,,N,
GSSICB Median 48 day HH Coherence Jun/Jul/Aug,GSSICB_MEDIAN_48_DAY_HH_COHERENCE_JUN_JUL_AUG,GSSICB-ASF,GSSICB_COH48,ASF,1,N,,N,
GSSICB Median 48 day HH Coherence Dec/Jan/Feb,GSSICB_MEDIAN_48_DAY_HH_COHERENCE_DEC_JAN_FEB,GSSICB-ASF,GSSICB_COH48,ASF,1,N,,N,
GSSICB Median 36 day VV Coherence Sep/Oct/Nov,GSSICB_MEDIAN_36_DAY_VV_COHERENCE_SEP_OCT_NOV,GSSICB-ASF,GSSICB_COH36,ASF,1,N,,N,
GSSICB Median 36 day VV Coherence Mar/Apr/May,GSSICB_MEDIAN_36_DAY_VV_COHERENCE_MAR_APR_MAY,GSSICB-ASF,GSSICB_COH36,ASF,1,N,,N,
GSSICB Median 36 day VV Coherence Jun/Jul/Aug,GSSICB_MEDIAN_36_DAY_VV_COHERENCE_JUN_JUL_AUG,GSSICB-ASF,GSSICB_COH36,ASF,1,N,,N,
GSSICB Median 36 day VV Coherence Dec/Jan/Feb,GSSICB_MEDIAN_36_DAY_VV_COHERENCE_DEC_JAN_FEB,GSSICB-ASF,GSSICB_COH36,ASF,1,N,,N,
GSSICB Median 36 day HH Coherence Sep/Oct/Nov,GSSICB_MEDIAN_36_DAY_HH_COHERENCE_SEP_OCT_NOV,GSSICB-ASF,GSSICB_COH36,ASF,1,N,,N,
GSSICB Median 36 day HH Coherence Mar/Apr/May,GSSICB_MEDIAN_36_DAY_HH_COHERENCE_MAR_APR_MAY,GSSICB-ASF,GSSICB_COH36,ASF,1,N,,N,
GSSICB Median 36 day HH Coherence Jun/Jul/Aug,GSSICB_MEDIAN_36_DAY_HH_COHERENCE_JUN_JUL_AUG,GSSICB-ASF,GSSICB_COH36,ASF,1,N,,N,
GSSICB Median 36 day HH Coherence Dec/Jan/Feb,GSSICB_MEDIAN_36_DAY_HH_COHERENCE_DEC_JAN_FEB,GSSICB-ASF,GSSICB_COH36,ASF,1,N,,N,
GSSICB Median 24 day VV Coherence Sep/Oct/Nov,GSSICB_MEDIAN_24_DAY_VV_COHERENCE_SEP_OCT_NOV,GSSICB-ASF,GSSICB_COH24,ASF,1,N,,N,
GSSICB Median 24 day VV Coherence Mar/Apr/May,GSSICB_MEDIAN_24_DAY_VV_COHERENCE_MAR_APR_MAY,GSSICB-ASF,GSSICB_COH24,ASF,1,N,,N,
GSSICB Median 24 day VV Coherence Jun/Jul/Aug,GSSICB_MEDIAN_24_DAY_VV_COHERENCE_JUN_JUL_AUG,GSSICB-ASF,GSSICB_COH24,ASF,1,N,,N,
GSSICB Median 24 day VV Coherence Dec/Jan/Feb,GSSICB_MEDIAN_24_DAY_VV_COHERENCE_DEC_JAN_FEB,GSSICB-ASF,GSSICB_COH24,ASF,1,N,,N,
GSSICB Median 24 day HH Coherence Sep/Oct/Nov,GSSICB_MEDIAN_24_DAY_HH_COHERENCE_SEP_OCT_NOV,GSSICB-ASF,GSSICB_COH24,ASF,1,N,,N,
GSSICB Median 24 day HH Coherence Mar/Apr/May,GSSICB_MEDIAN_24_DAY_HH_COHERENCE_MAR_APR_MAY,GSSICB-ASF,GSSICB_COH24,ASF,1,N,,N,
GSSICB Median 24 day HH Coherence Jun/Jul/Aug,GSSICB_MEDIAN_24_DAY_HH_COHERENCE_JUN_JUL_AUG,GSSICB-ASF,GSSICB_COH24,ASF,1,N,,N,
GSSICB Median 24 day HH Coherence Dec/Jan/Feb,GSSICB_MEDIAN_24_DAY_HH_COHERENCE_DEC_JAN_FEB,GSSICB-ASF,GSSICB_COH24,ASF,1,N,,N,
GSSICB Median 18 day VV Coherence Sep/Oct/Nov,GSSICB_MEDIAN_18_DAY_VV_COHERENCE_SEP_OCT_NOV,GSSICB-ASF,GSSICB_COH18,ASF,1,N,,N,
GSSICB Median 18 day VV Coherence Mar/Apr/May,GSSICB_MEDIAN_18_DAY_VV_COHERENCE_MAR_APR_MAY,GSSICB-ASF,GSSICB_COH18,ASF,1,N,,N,
GSSICB Median 18 day VV Coherence Jun/Jul/Aug,GSSICB_MEDIAN_18_DAY_VV_COHERENCE_JUN_JUL_AUG,GSSICB-ASF,GSSICB_COH18,ASF,1,N,,N,
GSSICB Median 18 day VV Coherence Dec/Jan/Feb,GSSICB_MEDIAN_18_DAY_VV_COHERENCE_DEC_JAN_FEB,GSSICB-ASF,GSSICB_COH18,ASF,1,N,,N,
GSSICB Median 18 day HH Coherence Sep/Oct/Nov,GSSICB_MEDIAN_18_DAY_HH_COHERENCE_SEP_OCT_NOV,GSSICB-ASF,GSSICB_COH18,ASF,1,N,,N,
GSSICB Median 18 day HH Coherence Mar/Apr/May,GSSICB_MEDIAN_18_DAY_HH_COHERENCE_MAR_APR_MAY,GSSICB-ASF,GSSICB_COH18,ASF,1,N,,N,
GSSICB Median 18 day HH Coherence Jun/Jul/Aug,GSSICB_MEDIAN_18_DAY_HH_COHERENCE_JUN_JUL_AUG,GSSICB-ASF,GSSICB_COH18,ASF,1,N,,N,
GSSICB Median 18 day HH Coherence Dec/Jan/Feb,GSSICB_MEDIAN_18_DAY_HH_COHERENCE_DEC_JAN_FEB,GSSICB-ASF,GSSICB_COH18,ASF,1,N,UAT,Y,
GSSICB Mean VV Backscatter Sep/Oct/Nov,GSSICB_MEAN_VV_BACKSCATTER_SEP_OCT_NOV,GSSICB-ASF,GSSICB_AMP,ASF,1,N,image,Y,
GSSICB Mean VV Backscatter Mar/Apr/May,GSSICB_MEAN_VV_BACKSCATTER_MAR_APR_MAY,GSSICB-ASF,GSSICB_AMP,ASF,1,N,image,Y,
GSSICB Mean VV Backscatter Jun/Jul/Aug,GSSICB_MEAN_VV_BACKSCATTER_JUN_JUL_AUG,GSSICB-ASF,GSSICB_AMP,ASF,1,N,image,Y,
GSSICB Mean VV Backscatter Dec/Jan/Feb,GSSICB_MEAN_VV_BACKSCATTER_DEC_JAN_FEB,GSSICB-ASF,GSSICB_AMP,ASF,1,N,image,Y,
GSSICB Mean VH Backscatter Sep/Oct/Nov,GSSICB_MEAN_VH_BACKSCATTER_SEP_OCT_NOV,GSSICB-ASF,GSSICB_AMP,ASF,1,N,image,Y,
GSSICB Mean VH Backscatter Mar/Apr/May,GSSICB_MEAN_VH_BACKSCATTER_MAR_APR_MAY,GSSICB-ASF,GSSICB_AMP,ASF,1,N,image,Y,
GSSICB Mean VH Backscatter Jun/Jul/Aug,GSSICB_MEAN_VH_BACKSCATTER_JUN_JUL_AUG,GSSICB-ASF,GSSICB_AMP,ASF,1,N,image,Y,
GSSICB Mean VH Backscatter Dec/Jan/Feb,GSSICB_MEAN_VH_BACKSCATTER_DEC_JAN_FEB,GSSICB-ASF,GSSICB_AMP,ASF,1,N,image,Y,
GSSICB Mean HV Backscatter Sep/Oct/Nov,GSSICB_MEAN_HV_BACKSCATTER_SEP_OCT_NOV,GSSICB-ASF,GSSICB_AMP,ASF,1,N,image,Y,
GSSICB Mean HV Backscatter Mar/Apr/May,GSSICB_MEAN_HV_BACKSCATTER_MAR_APR_MAY,GSSICB-ASF,GSSICB_AMP,ASF,1,N,image,Y,
GSSICB Mean HV Backscatter Jun/Jul/Aug,GSSICB_MEAN_HV_BACKSCATTER_JUN_JUL_AUG,GSSICB-ASF,GSSICB_AMP,ASF,1,N,image,Y,
,GSSICB_MEAN_HV_BACKSCATTER_JAN_FEB_MAR,,,ASF,,N,image,,
GSSICB Mean HV Backscatter Dec/Jan/Feb,GSSICB_MEAN_HV_BACKSCATTER_DEC_JAN_FEB,GSSICB-ASF,GSSICB_AMP,ASF,1,N,image,Y,
,GSSICB_MEAN_HV_BACKSCATTER_,,,ASF,,N,image,,
GSSICB Mean HH Backscatter Sep/Oct/Nov,GSSICB_MEAN_HH_BACKSCATTER_SEP_OCT_NOV,GSSICB-ASF,GSSICB_AMP,ASF,1,N,image,Y,
GSSICB Mean HH Backscatter Mar/Apr/May,GSSICB_MEAN_HH_BACKSCATTER_MAR_APR_MAY,GSSICB-ASF,GSSICB_AMP,ASF,1,N,image,Y,
GSSICB Mean HH Backscatter Jun/Jul/Aug,GSSICB_MEAN_HH_BACKSCATTER_JUN_JUL_AUG,GSSICB-ASF,GSSICB_AMP,ASF,1,N,image,Y,
GSSICB Mean HH Backscatter Dec/Jan/Feb,GSSICB_MEAN_HH_BACKSCATTER_DEC_JAN_FEB,GSSICB-ASF,GSSICB_AMP,ASF,1,N,image,Y,
GSSICB Coherence Decay Model tau VV Sep/Oct/Nov,GSSICB_COHERENCE_DECAY_MODEL_TAU_VV_SEP_OCT_NOV,GSSICB-ASF,GSSICB_TAU,ASF,1,N,,N,
GSSICB Coherence Decay Model tau VV Mar/Apr/May,GSSICB_COHERENCE_DECAY_MODEL_TAU_VV_MAR_APR_MAY,GSSICB-ASF,GSSICB_TAU,ASF,1,N,,N,
GSSICB Coherence Decay Model tau VV Jun/Jul/Aug,GSSICB_COHERENCE_DECAY_MODEL_TAU_VV_JUN_JUL_AUG,GSSICB-ASF,GSSICB_TAU,ASF,1,N,,N,
GSSICB Coherence Decay Model tau VV Dec/Jan/Feb,GSSICB_COHERENCE_DECAY_MODEL_TAU_VV_DEC_JAN_FEB,GSSICB-ASF,GSSICB_TAU,ASF,1,N,,N,
GSSICB Coherence Decay Model tau HH Sep/Oct/Nov,GSSICB_COHERENCE_DECAY_MODEL_TAU_HH_SEP_OCT_NOV,GSSICB-ASF,GSSICB_TAU,ASF,1,N,,N,
GSSICB Coherence Decay Model tau HH Mar/Apr/May,GSSICB_COHERENCE_DECAY_MODEL_TAU_HH_MAR_APR_MAY,GSSICB-ASF,GSSICB_TAU,ASF,1,N,,N,
GSSICB Coherence Decay Model tau HH Jun/Jul/Aug,GSSICB_COHERENCE_DECAY_MODEL_TAU_HH_JUN_JUL_AUG,GSSICB-ASF,GSSICB_TAU,ASF,1,N,,N,
GSSICB Coherence Decay Model tau HH Dec/Jan/Feb,GSSICB_COHERENCE_DECAY_MODEL_TAU_HH_DEC_JAN_FEB,GSSICB-ASF,GSSICB_TAU,ASF,1,N,,N,
GSSICB Coherence Decay Model RMSE VV Sep/Oct/Nov,GSSICB_COHERENCE_DECAY_MODEL_RMSE_VV_SEP_OCT_NOV,GSSICB-ASF,GSSICB_RMSE,ASF,1,N,,N,
GSSICB Coherence Decay Model RMSE VV Mar/Apr/May,GSSICB_COHERENCE_DECAY_MODEL_RMSE_VV_MAR_APR_MAY,GSSICB-ASF,GSSICB_RMSE,ASF,1,N,,N,
GSSICB Coherence Decay Model RMSE VV Jun/Jul/Aug,GSSICB_COHERENCE_DECAY_MODEL_RMSE_VV_JUN_JUL_AUG,GSSICB-ASF,GSSICB_RMSE,ASF,1,N,,N,
GSSICB Coherence Decay Model RMSE VV Dec/Jan/Feb,GSSICB_COHERENCE_DECAY_MODEL_RMSE_VV_DEC_JAN_FEB,GSSICB-ASF,GSSICB_RMSE,ASF,1,N,,N,
GSSICB Coherence Decay Model RMSE HH Sep/Oct/Nov,GSSICB_COHERENCE_DECAY_MODEL_RMSE_HH_SEP_OCT_NOV,GSSICB-ASF,GSSICB_RMSE,ASF,1,N,,N,
GSSICB Coherence Decay Model RMSE HH Mar/Apr/May,GSSICB_COHERENCE_DECAY_MODEL_RMSE_HH_MAR_APR_MAY,GSSICB-ASF,GSSICB_RMSE,ASF,1,N,,N,
GSSICB Coherence Decay Model RMSE HH Jun/Jul/Aug,GSSICB_COHERENCE_DECAY_MODEL_RMSE_HH_JUN_JUL_AUG,GSSICB-ASF,GSSICB_RMSE,ASF,1,N,,N,
GSSICB Coherence Decay Model RMSE HH Dec/Jan/Feb,GSSICB_COHERENCE_DECAY_MODEL_RMSE_HH_DEC_JAN_FEB,GSSICB-ASF,GSSICB_RMSE,ASF,1,N,,N,
GSSICB Coherence Decay Model rho VV Sep/Oct/Nov,GSSICB_COHERENCE_DECAY_MODEL_RHO_VV_SEP_OCT_NOV,GSSICB-ASF,GSSICB_RHO,ASF,1,N,,N,
GSSICB Coherence Decay Model rho VV Mar/Apr/May,GSSICB_COHERENCE_DECAY_MODEL_RHO_VV_MAR_APR_MAY,GSSICB-ASF,GSSICB_RHO,ASF,1,N,,N,
GSSICB Coherence Decay Model rho VV Jun/Jul/Aug,GSSICB_COHERENCE_DECAY_MODEL_RHO_VV_JUN_JUL_AUG,GSSICB-ASF,GSSICB_RHO,ASF,1,N,,N,
GSSICB Coherence Decay Model rho VV Dec/Jan/Feb,GSSICB_COHERENCE_DECAY_MODEL_RHO_VV_DEC_JAN_FEB,GSSICB-ASF,GSSICB_RHO,ASF,1,N,,N,
GSSICB Coherence Decay Model rho HH Sep/Oct/Nov,GSSICB_COHERENCE_DECAY_MODEL_RHO_HH_SEP_OCT_NOV,GSSICB-ASF,GSSICB_RHO,ASF,1,N,,N,
GSSICB Coherence Decay Model rho HH Mar/Apr/May,GSSICB_COHERENCE_DECAY_MODEL_RHO_HH_MAR_APR_MAY,GSSICB-ASF,GSSICB_RHO,ASF,1,N,,N,
GSSICB Coherence Decay Model rho HH Jun/Jul/Aug,GSSICB_COHERENCE_DECAY_MODEL_RHO_HH_JUN_JUL_AUG,GSSICB-ASF,GSSICB_RHO,ASF,1,N,,N,
GSSICB Coherence Decay Model rho HH Dec/Jan/Feb,GSSICB_COHERENCE_DECAY_MODEL_RHO_HH_DEC_JAN_FEB,GSSICB-ASF,GSSICB_RHO,ASF,1,N,,N,
GSSICB 12 day Median VV Coherence Sep/Oct/Nov,GSSICB_12_DAY_MEDIAN_VV_COHERENCE_SEP_OCT_NOV,GSSICB-ASF,GSSICB_COH12,ASF,1,N,image,Y,
,GSSICB_12_DAY_MEDIAN_VV_COHERENCE_SEP_OCT_FEB,,,ASF,,N,image,,
,GSSICB_12_DAY_MEDIAN_VV_COHERENCE_SEP_JAN_FEB,,,ASF,,N,image,,
GSSICB 12 day Median VV Coherence Mar/Apr/May,GSSICB_12_DAY_MEDIAN_VV_COHERENCE_MAR_APR_MAY,GSSICB-ASF,GSSICB_COH12,ASF,1,N,image,Y,
GSSICB 12 day Median VV Coherence Jun/Jul/Aug,GSSICB_12_DAY_MEDIAN_VV_COHERENCE_JUN_JUL_AUG,GSSICB-ASF,GSSICB_COH12,ASF,1,N,image,Y,
GSSICB 12 day Median VV Coherence Dec/Jan/Feb,GSSICB_12_DAY_MEDIAN_VV_COHERENCE_DEC_JAN_FEB,GSSICB-ASF,GSSICB_COH12,ASF,1,N,image,Y,
GSSICB 12 day Median HH Coherence Sep/Oct/Nov,GSSICB_12_DAY_MEDIAN_HH_COHERENCE_SEP_OCT_NOV,GSSICB-ASF,GSSICB_COH12,ASF,1,N,image,Y,
GSSICB 12 day Median HH Coherence Mar/Apr/May,GSSICB_12_DAY_MEDIAN_HH_COHERENCE_MAR_APR_MAY,GSSICB-ASF,GSSICB_COH12,ASF,1,N,image,Y,
GSSICB 12 day Median HH Coherence Jun/Jul/Aug,GSSICB_12_DAY_MEDIAN_HH_COHERENCE_JUN_JUL_AUG,GSSICB-ASF,GSSICB_COH12,ASF,1,N,image,Y,
GSSICB 12 day Median HH Coherence Dec/Jan/Feb,GSSICB_12_DAY_MEDIAN_HH_COHERENCE_DEC_JAN_FEB,GSSICB-ASF,GSSICB_COH12,ASF,1,N,image,Y,
"Global Reservoir and Dam Database, Version 1 (GRanDv1): Reservoirs, Revision 01 - Feature Service",GRAND_RESERVOIRS_V1_1,C2210194026-SEDAC,CIESIN_SEDAC_GRANDv1_RESERVOIRS,SEDAC,1.01,Y,maps,Y,
"Global Reservoir and Dam Database, Version 1 (GRanDv1): Dams, Revision 01 - Feature Service",GRAND_DAMS_V1_1,C2210186323-SEDAC,CIESIN_SEDAC_GRANDv1_DAMS,SEDAC,1.01,Y,maps,Y,
GPW Version 4 Population Density (Adjusted to UN Country Totals),GPW_V4_POPULATION_DENSITY_ADJUSTED_TO_2015_UNWPP_COUNTRY_TOTALS_REV11,C1597159820-SEDAC,CIESIN_SEDAC_GPWv4_APDENS_WPP_2015_R11,SEDAC,4.11,Y,image,Y,
GPW Version 4 Population Count (Adjusted to UN Country Totals),GPW_V4_POPULATION_COUNT_ADJUSTED_TO_2015_UNWPP_COUNTRY_TOTALS_REV11,C1597158382-SEDAC,CIESIN_SEDAC_GPWv4_APCT_WPP_2015_R11,SEDAC,4.11,Y,image,Y,
GPW Version 4 Basic Demographics,GPW_V4_BASIC_DEMOGRAPHIC_CHARACTERISTICS_REV11,C1597149465-SEDAC,CIESIN_SEDAC_GPWv4_BDC_R11,SEDAC,4.11,Y,image,Y,
Early IMERG Precipitation Rate (GPM_3IMERGHHE_06 PrecipitationCal),GPM_3IMERGHHE_06,C1598621094-GES_DISC,GPM_3IMERGHHE,GES_DISC,6,Y,on-prem,Y,on-prem pointing
Final IMERG Precipitation Rate (GPM_3IMERGHH_06 PrecipitationCal),GPM_3IMERGHH_06,C1598621093-GES_DISC,GPM_3IMERGHH,GES_DISC,6,Y,on-prem,Y,on-prem pointing
,GLOBAL_AIR_QUALITY_NASA_SEDAC_PM25_ESRI,,,UAT,,N,maphost,,
,GEOSCFNEW12,,,EIC,,N,image,,
,GEOSCFNEW1,,,EIC,,N,image,,
,GEOSCF_TEST,,,EIC,,N,image,,
,GEOSCF_CRF_1DAY,,,EIC,,N,image,,
,GEOSCF,,,EIC,,N,image,,
,GEOS_CF_V01_RPL_AQC_TAVG_1HR_WEEK,,,EIC,,N,image,,
,GEOS_CF_V01_RPL_AQC_TAVG_1HR_G1440X721_V1_CRF,,,EIC,,N,image,,
,GEOS_CF_V01_RPL_AQC_TAVG_1HR_G1440X721_V1,,,EIC,,N,image,,
,GEOS_CF_V01_RPL_AQC_TAVG_1HR_2023,,,EIC,,N,image,,
,GEOS_CF_V01_RPL_AQC_TAVG_1HR_2018_PRESENT,,,EIC,,N,image,,
,GEOS_CF_V01_RPL_AQC_TAVG_1HR,,,EIC,,N,image,,
,GEOS_CF_NO2_HOURLY,,,EIC,,N,image,,
,GEOCODINGTOOLS,,,ArcGIS,,N,gp,,
,GEOCODINGTOOLS,,,ArcGIS,,N,image,,
,GEOCODINGTOOLS,,,ArcGIS,,N,maphost,,
,GEOCODINGTOOLS,,,ArcGIS,,N,maps,,
,GCC_REGIONAL_TEST_CLOUD_TOP_TEMPERATURE,,,SatCORPs,,N,image,,
,GCC_REGIONAL_TEST_CLOUD_TOP_PRESSURE,,,SatCORPs,,N,image,,
,GCC_REGIONAL_TEST_CLOUD_PHASE,,,SatCORPs,,N,image,,
,GCC_REGIONAL_TEST_CLOUD_BOTTOM_PRESSURE,,,SatCORPs,,N,image,,
,GCC_REGIONAL_TEST_BT_10_8UM,,,SatCORPs,,N,image,,
View Zenith - SatCORPS Regional Composite,GCC_REGIONAL_100_ROLLING_HOURLY_VIEW_ZENITH,GCC_REG_COMP_V01A-SATCORPS,RegionalComposite,SATCORPS,V01A,N,image,Y,
Vi Lwp - SatCORPS Regional Composite,GCC_REGIONAL_100_ROLLING_HOURLY_VI_LWP,GCC_REG_COMP_V01A-SATCORPS,RegionalComposite,SATCORPS,V01A,N,image,Y,
Vi Iwp - SatCORPS Regional Composite,GCC_REGIONAL_100_ROLLING_HOURLY_VI_IWP,GCC_REG_COMP_V01A-SATCORPS,RegionalComposite,SATCORPS,V01A,N,image,Y,
Sw Broadband Albedo - SatCORPS Regional Composite,GCC_REGIONAL_100_ROLLING_HOURLY_SW_BROADBAND_ALBEDO,GCC_REG_COMP_V01A-SATCORPS,RegionalComposite,SATCORPS,V01A,N,image,Y,
Solar Zenith - SatCORPS Regional Composite,GCC_REGIONAL_100_ROLLING_HOURLY_SOLAR_ZENITH,GCC_REG_COMP_V01A-SATCORPS,RegionalComposite,SATCORPS,V01A,N,image,Y,
Slw Icing Index - SatCORPS Regional Composite,GCC_REGIONAL_100_ROLLING_HOURLY_SLW_ICING_INDEX,GCC_REG_COMP_V01A-SATCORPS,RegionalComposite,SATCORPS,V01A,N,image,Y,
Skin Temperature - SatCORPS Regional Composite,GCC_REGIONAL_100_ROLLING_HOURLY_SKIN_TEMPERATURE,GCC_REG_COMP_V01A-SATCORPS,RegionalComposite,SATCORPS,V01A,N,image,Y,
Satellite Id - SatCORPS Regional Composite,GCC_REGIONAL_100_ROLLING_HOURLY_SATELLITE_ID,GCC_REG_COMP_V01A-SATCORPS,RegionalComposite,SATCORPS,V01A,N,image,Y,
Relative Azimuth - SatCORPS Regional Composite,GCC_REGIONAL_100_ROLLING_HOURLY_RELATIVE_AZIMUTH,GCC_REG_COMP_V01A-SATCORPS,RegionalComposite,SATCORPS,V01A,N,image,Y,
Ref 0.63UM - SatCORPS Regional Composite,GCC_REGIONAL_100_ROLLING_HOURLY_REF_0_63UM,GCC_REG_COMP_V01A-SATCORPS,RegionalComposite,SATCORPS,V01A,N,image,Y,
Lw Broadband Flux - SatCORPS Regional Composite,GCC_REGIONAL_100_ROLLING_HOURLY_LW_BROADBAND_FLUX,GCC_REG_COMP_V01A-SATCORPS,RegionalComposite,SATCORPS,V01A,N,image,Y,
Cloud Top Temperature - SatCORPS Regional Composite,GCC_REGIONAL_100_ROLLING_HOURLY_CLOUD_TOP_TEMPERATURE,GCC_REG_COMP_V01A-SATCORPS,RegionalComposite,SATCORPS,V01A,N,image,Y,
Cloud Top Pressure - SatCORPS Regional Composite,GCC_REGIONAL_100_ROLLING_HOURLY_CLOUD_TOP_PRESSURE,GCC_REG_COMP_V01A-SATCORPS,RegionalComposite,SATCORPS,V01A,N,image,Y,
Cloud Top Height - SatCORPS Regional Composite,GCC_REGIONAL_100_ROLLING_HOURLY_CLOUD_TOP_HEIGHT,GCC_REG_COMP_V01A-SATCORPS,RegionalComposite,SATCORPS,V01A,N,image,Y,
Cloud Phase - SatCORPS Regional Composite,GCC_REGIONAL_100_ROLLING_HOURLY_CLOUD_PHASE,GCC_REG_COMP_V01A-SATCORPS,RegionalComposite,SATCORPS,V01A,N,image,Y,
Cloud Optical Depth - SatCORPS Regional Composite,GCC_REGIONAL_100_ROLLING_HOURLY_CLOUD_OPTICAL_DEPTH,GCC_REG_COMP_V01A-SATCORPS,RegionalComposite,SATCORPS,V01A,N,image,Y,
Cloud Lwp Iwp - SatCORPS Regional Composite,GCC_REGIONAL_100_ROLLING_HOURLY_CLOUD_LWP_IWP,GCC_REG_COMP_V01A-SATCORPS,RegionalComposite,SATCORPS,V01A,N,image,Y,
Cloud Emittance - SatCORPS Regional Composite,GCC_REGIONAL_100_ROLLING_HOURLY_CLOUD_EMITTANCE,GCC_REG_COMP_V01A-SATCORPS,RegionalComposite,SATCORPS,V01A,N,image,Y,
Cloud Eff Temperature - SatCORPS Regional Composite,GCC_REGIONAL_100_ROLLING_HOURLY_CLOUD_EFF_TEMPERATURE,GCC_REG_COMP_V01A-SATCORPS,RegionalComposite,SATCORPS,V01A,N,image,Y,
Cloud Eff Pressure - SatCORPS Regional Composite,GCC_REGIONAL_100_ROLLING_HOURLY_CLOUD_EFF_PRESSURE,GCC_REG_COMP_V01A-SATCORPS,RegionalComposite,SATCORPS,V01A,N,image,Y,
Cloud Eff Particle Size (Rolling) - SatCORPS Regional Composite,GCC_REGIONAL_100_ROLLING_HOURLY_CLOUD_EFF_PARTICLE_SIZE,GCC_REG_COMP_V01A-SATCORPS,RegionalComposite,SATCORPS,V01A,N,image,Y,
Cloud Bottom Temperature - SatCORPS Regional Composite,GCC_REGIONAL_100_ROLLING_HOURLY_CLOUD_BOTTOM_TEMPERATURE,GCC_REG_COMP_V01A-SATCORPS,RegionalComposite,SATCORPS,V01A,N,image,Y,
Cloud Bottom Pressure - SatCORPS Regional Composite,GCC_REGIONAL_100_ROLLING_HOURLY_CLOUD_BOTTOM_PRESSURE,GCC_REG_COMP_V01A-SATCORPS,RegionalComposite,SATCORPS,V01A,N,image,Y,
Cloud Bottom Height - SatCORPS Regional Composite,GCC_REGIONAL_100_ROLLING_HOURLY_CLOUD_BOTTOM_HEIGHT,GCC_REG_COMP_V01A-SATCORPS,RegionalComposite,SATCORPS,V01A,N,image,Y,
Bt 6.75UM - SatCORPS Regional Composite,GCC_REGIONAL_100_ROLLING_HOURLY_BT_6_75UM,GCC_REG_COMP_V01A-SATCORPS,RegionalComposite,SATCORPS,V01A,N,image,Y,
Bt 10.6UM - SatCORPS Regional Composite,GCC_REGIONAL_100_ROLLING_HOURLY_BT_10_8UM,GCC_REG_COMP_V01A-SATCORPS,RegionalComposite,SATCORPS,V01A,N,image,Y,
Cloud Eff Height - SatCORPS Regional Composite,GCC_REGIONAL_100_HOURLY_CLOUD_EFF_HEIGHT,GCC_REG_COMP_V01A-SATCORPS,RegionalComposite,SATCORPS,V01A,N,image,Y,
,GCC_GLOBAL_TEST_BT_10_8UM,,,SatCORPs,,N,image,,
,GCC_GLOBAL_TEST,,,SatCORPs,,N,image,,
,GCC_GLOBAL_101_ROLLING_HOURLY_CLOUD_EFF_HEIGHT,,,SatCORPs,,N,image,,
,GCC_GLOBAL_101_HOURLY_CLOUD_EFF_HEIGHT,,,SatCORPs,,N,image,,
View Zenith (Rolling) - SatCORPS Global Composite,GCC_GLOBAL_100_ROLLING_HOURLY_VIEW_ZENITH,GCC_GLOB_COMP_V01A-SATCORPS,GlobalComposite,SATCORPS,V01A,N,image,Y,
Vi Lwp (Rolling) - SatCORPS Global Composite,GCC_GLOBAL_100_ROLLING_HOURLY_VI_LWP,GCC_GLOB_COMP_V01A-SATCORPS,GlobalComposite,SATCORPS,V01A,N,image,Y,
Vi Iwp (Rolling) - SatCORPS Global Composite,GCC_GLOBAL_100_ROLLING_HOURLY_VI_IWP,GCC_GLOB_COMP_V01A-SATCORPS,GlobalComposite,SATCORPS,V01A,N,image,Y,
Sw Broadband Albedo (Rolling)  - SatCORPS Global Composite,GCC_GLOBAL_100_ROLLING_HOURLY_SW_BROADBAND_ALBEDO,GCC_GLOB_COMP_V01A-SATCORPS,GlobalComposite,SATCORPS,V01A,N,image,Y,
Solar Zenith (Rolling) - SatCORPS Global Composite,GCC_GLOBAL_100_ROLLING_HOURLY_SOLAR_ZENITH,GCC_GLOB_COMP_V01A-SATCORPS,GlobalComposite,SATCORPS,V01A,N,image,Y,
SLW Icing Index (Rolling) - SatCORPS Global Composite,GCC_GLOBAL_100_ROLLING_HOURLY_SLW_ICING_INDEX,GCC_GLOB_COMP_V01A-SATCORPS,GlobalComposite,SATCORPS,V01A,N,image,Y,
Satellite Id (Rolling) - SatCORPS Global Composite,GCC_GLOBAL_100_ROLLING_HOURLY_SATELLITE_ID,GCC_GLOB_COMP_V01A-SATCORPS,GlobalComposite,SATCORPS,V01A,N,image,Y,
Relative Azimuth (Rolling) - SatCORPS Global Composite,GCC_GLOBAL_100_ROLLING_HOURLY_RELATIVE_AZIMUTH,GCC_GLOB_COMP_V01A-SATCORPS,GlobalComposite,SATCORPS,V01A,N,image,Y,
gcc_global_100_rolling_hourly_ref_0_63um,GCC_GLOBAL_100_ROLLING_HOURLY_REF_0_63UM,GCC_GLOB_COMP_V01A-SATCORPS,GlobalComposite,SATCORPS,V01A,N,image,Y,
Lw Broadband Flux (Rolling) - SatCORPS Global Composite,GCC_GLOBAL_100_ROLLING_HOURLY_LW_BROADBAND_FLUX,GCC_GLOB_COMP_V01A-SATCORPS,GlobalComposite,SATCORPS,V01A,N,image,Y,
Cloud Top Temperature (Rolling) - SatCORPS Global Composite,GCC_GLOBAL_100_ROLLING_HOURLY_CLOUD_TOP_TEMPERATURE,GCC_GLOB_COMP_V01A-SATCORPS,GlobalComposite,SATCORPS,V01A,N,image,Y,
Cloud Top Pressure (Rolling) - SatCORPS Global Composite,GCC_GLOBAL_100_ROLLING_HOURLY_CLOUD_TOP_PRESSURE,GCC_GLOB_COMP_V01A-SATCORPS,GlobalComposite,SATCORPS,V01A,N,image,Y,
Cloud Top Height (Rolling) - SatCORPS Global Composite,GCC_GLOBAL_100_ROLLING_HOURLY_CLOUD_TOP_HEIGHT,GCC_GLOB_COMP_V01A-SATCORPS,GlobalComposite,SATCORPS,V01A,N,image,Y,
Cloud Phase (Rolling) - SatCORPS Global Composite,GCC_GLOBAL_100_ROLLING_HOURLY_CLOUD_PHASE,GCC_GLOB_COMP_V01A-SATCORPS,GlobalComposite,SATCORPS,V01A,N,image,Y,
Cloud Optical Depth (Rolling) - SatCORPS Global Composite,GCC_GLOBAL_100_ROLLING_HOURLY_CLOUD_OPTICAL_DEPTH,GCC_GLOB_COMP_V01A-SATCORPS,GlobalComposite,SATCORPS,V01A,N,image,Y,
Cloud LWP IWP (Rolling) - SatCORPS Global Composite,GCC_GLOBAL_100_ROLLING_HOURLY_CLOUD_LWP_IWP,GCC_GLOB_COMP_V01A-SATCORPS,GlobalComposite,SATCORPS,V01A,N,image,Y,
Cloud Emittance (Rolling) - SatCORPS Global Composite,GCC_GLOBAL_100_ROLLING_HOURLY_CLOUD_EMITTANCE,GCC_GLOB_COMP_V01A-SATCORPS,GlobalComposite,SATCORPS,V01A,N,image,Y,
Cloud Eff Temperature (Rolling) - SatCORPS Global Composite,GCC_GLOBAL_100_ROLLING_HOURLY_CLOUD_EFF_TEMPERATURE,GCC_GLOB_COMP_V01A-SATCORPS,GlobalComposite,SATCORPS,V01A,N,image,Y,
Cloud Eff Pressure (Rolling) - SatCORPS Global Composite,GCC_GLOBAL_100_ROLLING_HOURLY_CLOUD_EFF_PRESSURE,GCC_GLOB_COMP_V01A-SATCORPS,GlobalComposite,SATCORPS,V01A,N,image,Y,
Cloud Eff Particle Size (Rolling) - SatCORPS Global Composite,GCC_GLOBAL_100_ROLLING_HOURLY_CLOUD_EFF_PARTICLE_SIZE,GCC_GLOB_COMP_V01A-SATCORPS,GlobalComposite,SATCORPS,V01A,N,image,Y,
Cloud Eff Height (Rolling) - SatCORPS Global Composite,GCC_GLOBAL_100_ROLLING_HOURLY_CLOUD_EFF_HEIGHT,GCC_GLOB_COMP_V01A-SATCORPS,GlobalComposite,SATCORPS,V01A,N,image,Y,
Cloud Bottom Temperature (Rolling) - SatCORPS Global Composite,GCC_GLOBAL_100_ROLLING_HOURLY_CLOUD_BOTTOM_TEMPERATURE,GCC_GLOB_COMP_V01A-SATCORPS,GlobalComposite,SATCORPS,V01A,N,image,Y,
Cloud Bottom Pressure (Rolling) - SatCORPS Global Composite,GCC_GLOBAL_100_ROLLING_HOURLY_CLOUD_BOTTOM_PRESSURE,GCC_GLOB_COMP_V01A-SATCORPS,GlobalComposite,SATCORPS,V01A,N,image,Y,
Cloud Bottom Height (Rolling) - SatCORPS Global Composite,GCC_GLOBAL_100_ROLLING_HOURLY_CLOUD_BOTTOM_HEIGHT,GCC_GLOB_COMP_V01A-SATCORPS,GlobalComposite,SATCORPS,V01A,N,image,Y,
BT 6.75UM (Rolling) - SatCORPS Global Composite,GCC_GLOBAL_100_ROLLING_HOURLY_BT_6_75UM,GCC_GLOB_COMP_V01A-SATCORPS,GlobalComposite,SATCORPS,V01A,N,image,Y,
BT 10.8UM (Rolling) -  SatCORPS Global Composite,GCC_GLOBAL_100_ROLLING_HOURLY_BT_10_8UM,GCC_GLOB_COMP_V01A-SATCORPS,GlobalComposite,SATCORPS,V01A,N,image,Y,
,GCC_GLOBAL_100_ROLLING_HOURLY__NOLERC_CLOUD_EFF_HEIGHT,,,SatCORPs,,N,image,,
View Zenith - SatCORPS Global Composite,GCC_GLOBAL_100_HOURLY_VIEW_ZENITH,GCC_GLOB_COMP_V01A-SATCORPS,GlobalComposite,SATCORPS,V01A,N,image,Y,
Vi Lwp - SatCORPS Global Composite,GCC_GLOBAL_100_HOURLY_VI_LWP,GCC_GLOB_COMP_V01A-SATCORPS,GlobalComposite,SATCORPS,V01A,N,image,Y,
Vi Iwp - SatCORPS Global Composite,GCC_GLOBAL_100_HOURLY_VI_IWP,GCC_GLOB_COMP_V01A-SATCORPS,GlobalComposite,SATCORPS,V01A,N,image,Y,
Sw Broadband Albedo - SatCORPS Global Composite,GCC_GLOBAL_100_HOURLY_SW_BROADBAND_ALBEDO,GCC_GLOB_COMP_V01A-SATCORPS,GlobalComposite,SATCORPS,V01A,N,image,Y,
Solar Zenith - SatCORPS Global Composite,GCC_GLOBAL_100_HOURLY_SOLAR_ZENITH,GCC_GLOB_COMP_V01A-SATCORPS,GlobalComposite,SATCORPS,V01A,N,image,Y,
SLW Icing Index - SatCORPS Global Composite,GCC_GLOBAL_100_HOURLY_SLW_ICING_INDEX,GCC_GLOB_COMP_V01A-SATCORPS,GlobalComposite,SATCORPS,V01A,N,image,Y,
Satellite Id - SatCORPS Global Composite,GCC_GLOBAL_100_HOURLY_SATELLITE_ID,GCC_GLOB_COMP_V01A-SATCORPS,GlobalComposite,SATCORPS,V01A,N,image,Y,
,GCC_GLOBAL_100_HOURLY_ROLLING_CLOUD_PHASE,,,SatCORPs,,N,image,,
Relative Azimuth - SatCORPS Global Composite,GCC_GLOBAL_100_HOURLY_RELATIVE_AZIMUTH,GCC_GLOB_COMP_V01A-SATCORPS,GlobalComposite,SATCORPS,V01A,N,image,Y,
gcc_global_100_hourly_ref_0_63um,GCC_GLOBAL_100_HOURLY_REF_0_63UM,GCC_GLOB_COMP_V01A-SATCORPS,GlobalComposite,SATCORPS,V01A,N,image,Y,
Lw Broadband Flux - SatCORPS Global Composite,GCC_GLOBAL_100_HOURLY_LW_BROADBAND_FLUX,GCC_GLOB_COMP_V01A-SATCORPS,GlobalComposite,SATCORPS,V01A,N,image,Y,
Cloud Top Temperature - SatCORPS Global Composite,GCC_GLOBAL_100_HOURLY_CLOUD_TOP_TEMPERATURE,GCC_GLOB_COMP_V01A-SATCORPS,GlobalComposite,SATCORPS,V01A,N,image,Y,
Cloud Top Pressure - SatCORPS Global Composite,GCC_GLOBAL_100_HOURLY_CLOUD_TOP_PRESSURE,GCC_GLOB_COMP_V01A-SATCORPS,GlobalComposite,SATCORPS,V01A,N,image,Y,
Cloud Top Height - SatCORPS Global Composite,GCC_GLOBAL_100_HOURLY_CLOUD_TOP_HEIGHT,GCC_GLOB_COMP_V01A-SATCORPS,GlobalComposite,SATCORPS,V01A,N,image,Y,
Cloud Phase - SatCORPS Global Composite,GCC_GLOBAL_100_HOURLY_CLOUD_PHASE,GCC_GLOB_COMP_V01A-SATCORPS,GlobalComposite,SATCORPS,V01A,N,image,Y,
Cloud Optical Depth - SatCORPS Global Composite,GCC_GLOBAL_100_HOURLY_CLOUD_OPTICAL_DEPTH,GCC_GLOB_COMP_V01A-SATCORPS,GlobalComposite,SATCORPS,V01A,N,image,Y,
Cloud LWP IWP - SatCORPS Global Composite,GCC_GLOBAL_100_HOURLY_CLOUD_LWP_IWP,GCC_GLOB_COMP_V01A-SATCORPS,GlobalComposite,SATCORPS,V01A,N,image,Y,
Cloud Emittance - SatCORPS Global Composite,GCC_GLOBAL_100_HOURLY_CLOUD_EMITTANCE,GCC_GLOB_COMP_V01A-SATCORPS,GlobalComposite,SATCORPS,V01A,N,image,Y,
Cloud Eff Temperature - SatCORPS Global Composite,GCC_GLOBAL_100_HOURLY_CLOUD_EFF_TEMPERATURE,GCC_GLOB_COMP_V01A-SATCORPS,GlobalComposite,SATCORPS,V01A,N,image,Y,
Cloud Eff Pressure - SatCORPS Global Composite,GCC_GLOBAL_100_HOURLY_CLOUD_EFF_PRESSURE,GCC_GLOB_COMP_V01A-SATCORPS,GlobalComposite,SATCORPS,V01A,N,image,Y,
Cloud Eff Particle Size - SatCORPS Global Composite,GCC_GLOBAL_100_HOURLY_CLOUD_EFF_PARTICLE_SIZE,GCC_GLOB_COMP_V01A-SATCORPS,GlobalComposite,SATCORPS,V01A,N,image,Y,
Cloud Eff Height - SatCORPS Global Composite,GCC_GLOBAL_100_HOURLY_CLOUD_EFF_HEIGHT,GCC_GLOB_COMP_V01A-SATCORPS,GlobalComposite,SATCORPS,V01A,N,image,Y,
Cloud Bottom Temperature - SatCORPS Global Composite,GCC_GLOBAL_100_HOURLY_CLOUD_BOTTOM_TEMPERATURE,GCC_GLOB_COMP_V01A-SATCORPS,GlobalComposite,SATCORPS,V01A,N,image,Y,
Cloud Bottom Pressure - SatCORPS Global Composite,GCC_GLOBAL_100_HOURLY_CLOUD_BOTTOM_PRESSURE,GCC_GLOB_COMP_V01A-SATCORPS,GlobalComposite,SATCORPS,V01A,N,image,Y,
Cloud Bottom Height - SatCORPS Global Composite,GCC_GLOBAL_100_HOURLY_CLOUD_BOTTOM_HEIGHT,GCC_GLOB_COMP_V01A-SATCORPS,GlobalComposite,SATCORPS,V01A,N,image,Y,
BT 6.75UM - SatCORPS Global Composite,GCC_GLOBAL_100_HOURLY_BT_6_75UM,GCC_GLOB_COMP_V01A-SATCORPS,GlobalComposite,SATCORPS,V01A,N,image,Y,
BT 10.8UM -  SatCORPS Global Composite,GCC_GLOBAL_100_HOURLY_BT_10_8UM,GCC_GLOB_COMP_V01A-SATCORPS,GlobalComposite,SATCORPS,V01A,N,image,Y,
,GCC_GLOBAL_100_HOURLY_ARCHIVE_TEST3,,,SatCORPs,,N,image,,
,GCC_GLOBAL_100_HOURLY_ARCHIVE_TEST2,,,SatCORPs,,N,image,,
,GCC_GLOBAL_100_HOURLY_ARCHIVE_TEST,,,SatCORPs,,N,image,,
,GCC_GLOBAL_100_GLOBAL_HOURLY_CLOUD_TOP_TEMPERATURE,,,SatCORPs,,N,image,,
,FWI5YEARS,,,UAT,,N,image,,
,FWI_TEST,,,UAT,,N,image,,
,FWI,FWI,,NEX,,N,image,,
4-Year Rolling Building Thermal & Thermal Moisture Climate Zones (1981-2021),FOUR_YEAR_ROLLING_THERMAL_AND_THERMAL_MOISTURE_ZONES__1984___2021_,POWER_V09,POWER_V09,POWER,V09,N,maphost,Y,
,FL_DETAILS_TEST,,,EGIS,,N,maphost,,
,FEATURESERVICETOOLS,,,ArcGIS,,N,gp,,
,FEATURESERVICETOOLS,,,ArcGIS,,N,image,,
,FEATURESERVICETOOLS,,,ArcGIS,,N,maphost,,
,FEATURESERVICETOOLS,,,ArcGIS,,N,maps,,
,EIS_FIRELINE,,,EIS,,N,maphost,,
,EIS_FIRE,,,EIS,,N,maphost,,
,deletemosaicdatasetraster,,,EGIS,,,,,
,DELETEMOSAICDATASET,,,EGIS,,N,gp,,
,DAYMET2YEARS,,,ORNL,,N,image,,
,DAYMET_ANNUAL_V4R1_TMAX,,,ORNL,,N,image,,
,DAYMET_ANNUAL_V4R1_STATS,,,ORNL,,N,image,,
,DAYMET_ANNUAL_V4R1_PRCP_COPYRASTER_CRF,,,ORNL,,N,image,,
,DAYMET_ANNUAL_V4R1_PRCP,,,ORNL,,N,image,,
,DAYMET_ANNUAL_V4R1_NOCACHE,,,ORNL,,N,image,,
,DAYMET_ANNUAL_V4R1_COPYRASTER_CRF,,,ORNL,,N,image,,
,DAYMET_ANNUAL_V4R1,,,ORNL,,N,image,,
,DAYMET_ANNUAL,Daymet_Annual_V4R1_2130,,ORNL,,N,image,,
,CREATETABLE,,,EGIS,,N,gp,,
,CREATERASTERSINMOSAICDATASETTOOL,,,EGIS,,N,gp,,
,CREATERASTERFUNCTIONTEMPLATE,,,EGIS,,N,gp,,
,createproxy,,,EGIS,,,,,
,CREATEPROXIES,,,EGIS,,N,gp,,
,CREATEMOSAICDATASET,,,EGIS,,N,gp,,
,CREATECOLLECTION,,,EGIS,,N,gp,,
COH18_VV_DJF,COH18_VV_DJF,GSSICB-ASF,GSSICB_COH18,ASF,1,N,UAT,Y,
,COH06_VV_JJA,,,ASF,,N,image,,
,CMIPLOCAL2,,,ASDC,,N,image,,
,CMIPLOCAL1TEST,,,ASDC,,N,image,,
,CMIPLOCAL1,,,ASDC,,N,image,,
,CMIPLOCAL,,,ASDC,,N,image,,
,CACHINGTOOLS,,,ArcGIS,,N,gp,,
,CACHINGTOOLS,,,ArcGIS,,N,image,,
,CACHINGTOOLS,,,ArcGIS,,N,maphost,,
,CACHINGTOOLS,,,ArcGIS,,N,maps,,
,CACHINGCONTROLLERS,,,ArcGIS,,N,maps,,
Building Thermal & Thermal Moisture Climate Zone Differences (1981-1995 vs 2007-2021),BUILDING_CLIMATE_THERMAL_AND_THERMAL_MOISTURE_ZONE_DIFFERENCES__1981_1995_TO_2007_2021_,POWER_V09,POWER_V09,POWER,V09,N,maphost,Y,
,buckettest,,,EGIS,,,,,
,BOBBYTEST,,,UAT,,N,maphost,,
,AMP_VV_SON,,,ASF,,N,image,,
,AMP_VV_MAM,,,ASF,,N,image,,
"MERRA-2 Aerosol Diagnostics 1-Hourly,Time-averaged",ALCOTT_HOPE_SERVICE,C1276812830-GES_DISC,M2T1NXAER,GES_DISC,5.12.4,Y,UAT,Y,"no official collection yet, only used for early API testing"
Sub-Mesoscale Ocean Dynamics Experiment (S-MODE) dopplerscatt (doppler scatterometer),,C2639507467-POCLOUD,SMODE_L2_DOPPLERSCATT_WINDS_CURRENT_V2,POCLOUD,2,Y,,N,
Sub-Mesoscale Ocean Dynamics Experiment (S-MODE) doppvis (instrument name),,C2793202077-POCLOUD,SMODE_L1_MASS_DOPPVIS_V1,POCLOUD,1,Y,,N,
Sub-Mesoscale Ocean Dynamics Experiment (S-MODE) mass LWIR (modular aerial sensing system)(longwave infrared),,C2431645288-POCLOUD,SMODE_L1_MASS_LWIR_V1,POCLOUD,1,Y,,N,
Surface Water and Ocean Topography (SWOT) (Rivers),,C2799438299-POCLOUD,SWOT_L2_HR_RiverSP_2.0,POCLOUD,2,Y,,N,
Surface Water and Ocean Topography (SWOT) (Lakes),,C2799438230-POCLOUD,SWOT_L2_HR_LakeSP_2.0,POCLOUD,2,Y,,N,
Observational Products for End-Users from Remote Sensing Analysis (OPERA) Dynamic Surface Water eXtent (DSWx),,C2617126679-POCLOUD,OPERA_L3_DSWX-HLS_PROVISIONAL_V1,POCLOUD,1,Y,,N,
Gravity Recovery and Climate Experiment Follow-On (GRACE-FO),,C2536962485-POCLOUD,TELLUS_GRAC-GRFO_MASCON_CRI_GRID_RL06.1_V3,POCLOUD,RL06.1Mv03,Y,,N,
"Annual Global High-Resolution Extreme Heat Estimates (GEHE), v1 (1983-2016)",,C2748860893-SEDAC,CIESIN_SEDAC_SDEI_GEHE,SEDAC,1,Y,,N,
"Global Gridded Relative Deprivation Index (GRDI), v1 (2010-2020)",,C2552888508-SEDAC,CIESIN_SEDAC_PMP_GRDI_2010_2020,SEDAC,1,Y,,N,
"U.S. Social Vulnerability Index Grids, Revision 01",,C2820969258-SEDAC,CIESIN_SEDAC_USCG_USSVIG01,SEDAC,1.01,Y,,N,
"Yale Center for Earth Observation (YCEO) Surface Urban Heat Islands, v4 (2003-2018)",,C2762922236-SEDAC,CIESIN_SEDAC_SDEI_YCEOUHI_V4,SEDAC,4,Y,,N,
,opera_l2_rtc_s1_v1_vv_202404182030,,,ASF,,,,,
Tropospheric Emissions: Monitoring of Pollution (TEMPO) Version 03 Level 3 Gridded Nitrogen Dioxide (NO2) Tropospheric Vertical Column (BETA),TEMPO_NO2_L3_V03_HOURLY_TROPOSPHERIC_VERTICAL_COLUMN_BETA,C2930763263-LARC_CLOUD,TEMPO_NO2_L3_V03,LARC_CLOUD,3,Y,image,N,
NEX_GDDP_CMIP6_annual_tasmax,tasmax_yearly_median,tasmax_yearly_median,,EIC,,N,eic,N,